id,answer
test_0001,
test_0002,
test_0003,
test_0004,
test_0005,
test_0006,
test_0007,
test_0008,
test_0009,
test_0010,
test_0011,
test_0012,
test_0013,
test_0014,
test_0015,
test_0016,
test_0017,
test_0018,
test_0019,
test_0020,
test_0021,
test_0022,
test_0023,
test_0024,
test_0025,
test_0026,
test_0027,
test_0028,
test_0029,
test_0030,
test_0031,
test_0032,
test_0033,
test_0034,
test_0035,
test_0036,
test_0037,
test_0038,
test_0039,
test_0040,
test_0041,
test_0042,
test_0043,
test_0044,
test_0045,
test_0046,
test_0047,
test_0048,
test_0049,
test_0050,
test_0051,
test_0052,
test_0053,
test_0054,
test_0055,
test_0056,
test_0057,
test_0058,
test_0059,
test_0060,
test_0061,
test_0062,
test_0063,
test_0064,
test_0065,
test_0066,
test_0067,
test_0068,
test_0069,
test_0070,
test_0071,
test_0072,
test_0073,
test_0074,
test_0075,
test_0076,
test_0077,
test_0078,
test_0079,
test_0080,
test_0081,
test_0082,
test_0083,
test_0084,
test_0085,
test_0086,
test_0087,
test_0088,
test_0089,
test_0090,
test_0091,
test_0092,
test_0093,
test_0094,
test_0095,
test_0096,
test_0097,
test_0098,
test_0099,
test_0100,
test_0101,
test_0102,
test_0103,
test_0104,
test_0105,
test_0106,
test_0107,
test_0108,
test_0109,
test_0110,
test_0111,
test_0112,
test_0113,
test_0114,
test_0115,
test_0116,
test_0117,
test_0118,
test_0119,
test_0120,
test_0121,
test_0122,
test_0123,
test_0124,
test_0125,
test_0126,
test_0127,
test_0128,
test_0129,
test_0130,
test_0131,
test_0132,
test_0133,
test_0134,
test_0135,
test_0136,
test_0137,
test_0138,
test_0139,
test_0140,
test_0141,
test_0142,
test_0143,
test_0144,
test_0145,
test_0146,
test_0147,
test_0148,
test_0149,
test_0150,
test_0151,
test_0152,
test_0153,
test_0154,
test_0155,
test_0156,
test_0157,
test_0158,
test_0159,
test_0160,
test_0161,
test_0162,
test_0163,
test_0164,
test_0165,
test_0166,
test_0167,
test_0168,
test_0169,
test_0170,
test_0171,
test_0172,
test_0173,
test_0174,
test_0175,
test_0176,
test_0177,
test_0178,
test_0179,
test_0180,
test_0181,
test_0182,
test_0183,
test_0184,
test_0185,
test_0186,
test_0187,
test_0188,
test_0189,
test_0190,
test_0191,
test_0192,
test_0193,
test_0194,
test_0195,
test_0196,
test_0197,
test_0198,
test_0199,
test_0200,
test_0201,
test_0202,
test_0203,
test_0204,
test_0205,
test_0206,
test_0207,
test_0208,
test_0209,
test_0210,
test_0211,
test_0212,
test_0213,
test_0214,
test_0215,
test_0216,
test_0217,
test_0218,
test_0219,
test_0220,
test_0221,
test_0222,
test_0223,
test_0224,
test_0225,
test_0226,
test_0227,
test_0228,
test_0229,
test_0230,
test_0231,
test_0232,
test_0233,
test_0234,
test_0235,
test_0236,
test_0237,
test_0238,
test_0239,
test_0240,
test_0241,
test_0242,
test_0243,
test_0244,
test_0245,
test_0246,
test_0247,
test_0248,
test_0249,
test_0250,
test_0251,
test_0252,
test_0253,
test_0254,
test_0255,
test_0256,
test_0257,
test_0258,
test_0259,
test_0260,
test_0261,
test_0262,
test_0263,
test_0264,
test_0265,
test_0266,
test_0267,
test_0268,
test_0269,
test_0270,
test_0271,
test_0272,
test_0273,
test_0274,
test_0275,
test_0276,
test_0277,
test_0278,
test_0279,
test_0280,
test_0281,
test_0282,
test_0283,
test_0284,
test_0285,
test_0286,
test_0287,
test_0288,
test_0289,
test_0290,
test_0291,
test_0292,
test_0293,
test_0294,
test_0295,
test_0296,
test_0297,
test_0298,
test_0299,
test_0300,
test_0301,
test_0302,
test_0303,
test_0304,
test_0305,
test_0306,
test_0307,
test_0308,
test_0309,
test_0310,
test_0311,
test_0312,
test_0313,
test_0314,
test_0315,
test_0316,
test_0317,
test_0318,
test_0319,
test_0320,
test_0321,
test_0322,
test_0323,
test_0324,
test_0325,
test_0326,
test_0327,
test_0328,
test_0329,
test_0330,
test_0331,
test_0332,
test_0333,
test_0334,
test_0335,
test_0336,
test_0337,
test_0338,
test_0339,
test_0340,
test_0341,
test_0342,
test_0343,
test_0344,
test_0345,
test_0346,
test_0347,
test_0348,
test_0349,
test_0350,
test_0351,
test_0352,
test_0353,
test_0354,
test_0355,
test_0356,
test_0357,
test_0358,
test_0359,
test_0360,
test_0361,
test_0362,
test_0363,
test_0364,
test_0365,
test_0366,
test_0367,
test_0368,
test_0369,
test_0370,
test_0371,
test_0372,
test_0373,
test_0374,
test_0375,
test_0376,
test_0377,
test_0378,
test_0379,
test_0380,
test_0381,
test_0382,
test_0383,
test_0384,
test_0385,
test_0386,
test_0387,
test_0388,
test_0389,
test_0390,
test_0391,
test_0392,
test_0393,
test_0394,
test_0395,
test_0396,
test_0397,
test_0398,
test_0399,
test_0400,
test_0401,
test_0402,
test_0403,
test_0404,
test_0405,
test_0406,
test_0407,
test_0408,
test_0409,
test_0410,
test_0411,
test_0412,
test_0413,
test_0414,
test_0415,
test_0416,
test_0417,
test_0418,
test_0419,
test_0420,
test_0421,
test_0422,
test_0423,
test_0424,
test_0425,
test_0426,
test_0427,
test_0428,
test_0429,
test_0430,
test_0431,
test_0432,
test_0433,
test_0434,
test_0435,
test_0436,
test_0437,
test_0438,
test_0439,
test_0440,
test_0441,
test_0442,
test_0443,
test_0444,
test_0445,
test_0446,
test_0447,
test_0448,
test_0449,
test_0450,
test_0451,
test_0452,
test_0453,
test_0454,
test_0455,
test_0456,
test_0457,
test_0458,
test_0459,
test_0460,
test_0461,
test_0462,
test_0463,
test_0464,
test_0465,
test_0466,
test_0467,
test_0468,
test_0469,
test_0470,
test_0471,
test_0472,
test_0473,
test_0474,
test_0475,
test_0476,
test_0477,
test_0478,
test_0479,
test_0480,
test_0481,
test_0482,
test_0483,
test_0484,
test_0485,
test_0486,
test_0487,
test_0488,
test_0489,
test_0490,
test_0491,
test_0492,
test_0493,
test_0494,
test_0495,
test_0496,
test_0497,
test_0498,
test_0499,
test_0500,
test_0501,
test_0502,
test_0503,
test_0504,
test_0505,
test_0506,
test_0507,
test_0508,
test_0509,
test_0510,
test_0511,
test_0512,
test_0513,
test_0514,
test_0515,
test_0516,
test_0517,
test_0518,
test_0519,
test_0520,
test_0521,
test_0522,
test_0523,
test_0524,
test_0525,
test_0526,
test_0527,
test_0528,
test_0529,
test_0530,
test_0531,
test_0532,
test_0533,
test_0534,
test_0535,
test_0536,
test_0537,
test_0538,
test_0539,
test_0540,
test_0541,
test_0542,
test_0543,
test_0544,
test_0545,
test_0546,
test_0547,
test_0548,
test_0549,
test_0550,
test_0551,
test_0552,
test_0553,
test_0554,
test_0555,
test_0556,
test_0557,
test_0558,
test_0559,
test_0560,
test_0561,
test_0562,
test_0563,
test_0564,
test_0565,
test_0566,
test_0567,
test_0568,
test_0569,
test_0570,
test_0571,
test_0572,
test_0573,
test_0574,
test_0575,
test_0576,
test_0577,
test_0578,
test_0579,
test_0580,
test_0581,
test_0582,
test_0583,
test_0584,
test_0585,
test_0586,
test_0587,
test_0588,
test_0589,
test_0590,
test_0591,
test_0592,
test_0593,
test_0594,
test_0595,
test_0596,
test_0597,
test_0598,
test_0599,
test_0600,
test_0601,
test_0602,
test_0603,
test_0604,
test_0605,
test_0606,
test_0607,
test_0608,
test_0609,
test_0610,
test_0611,
test_0612,
test_0613,
test_0614,
test_0615,
test_0616,
test_0617,
test_0618,
test_0619,
test_0620,
test_0621,
test_0622,
test_0623,
test_0624,
test_0625,
test_0626,
test_0627,
test_0628,
test_0629,
test_0630,
test_0631,
test_0632,
test_0633,
test_0634,
test_0635,
test_0636,
test_0637,
test_0638,
test_0639,
test_0640,
test_0641,
test_0642,
test_0643,
test_0644,
test_0645,
test_0646,
test_0647,
test_0648,
test_0649,
test_0650,
test_0651,
test_0652,
test_0653,
test_0654,
test_0655,
test_0656,
test_0657,
test_0658,
test_0659,
test_0660,
test_0661,
test_0662,
test_0663,
test_0664,
test_0665,
test_0666,
test_0667,
test_0668,
test_0669,
test_0670,
test_0671,
test_0672,
test_0673,
test_0674,
test_0675,
test_0676,
test_0677,
test_0678,
test_0679,
test_0680,
test_0681,
test_0682,
test_0683,
test_0684,
test_0685,
test_0686,
test_0687,
test_0688,
test_0689,
test_0690,
test_0691,
test_0692,
test_0693,
test_0694,
test_0695,
test_0696,
test_0697,
test_0698,
test_0699,
test_0700,
test_0701,
test_0702,
test_0703,
test_0704,
test_0705,
test_0706,
test_0707,
test_0708,
test_0709,
test_0710,
test_0711,
test_0712,
test_0713,
test_0714,
test_0715,
test_0716,
test_0717,
test_0718,
test_0719,
test_0720,
test_0721,
test_0722,
test_0723,
test_0724,
test_0725,
test_0726,
test_0727,
test_0728,
test_0729,
test_0730,
test_0731,
test_0732,
test_0733,
test_0734,
test_0735,
test_0736,
test_0737,
test_0738,
test_0739,
test_0740,
test_0741,
test_0742,
test_0743,
test_0744,
test_0745,
test_0746,
test_0747,
test_0748,
test_0749,
test_0750,
test_0751,
test_0752,
test_0753,
test_0754,
test_0755,
test_0756,
test_0757,
test_0758,
test_0759,
test_0760,
test_0761,
test_0762,
test_0763,
test_0764,
test_0765,
test_0766,
test_0767,
test_0768,
test_0769,
test_0770,
test_0771,
test_0772,
test_0773,
test_0774,
test_0775,
test_0776,
test_0777,
test_0778,
test_0779,
test_0780,
test_0781,
test_0782,
test_0783,
test_0784,
test_0785,
test_0786,
test_0787,
test_0788,
test_0789,
test_0790,
test_0791,
test_0792,
test_0793,
test_0794,
test_0795,
test_0796,
test_0797,
test_0798,
test_0799,
test_0800,
test_0801,
test_0802,
test_0803,
test_0804,
test_0805,
test_0806,
test_0807,
test_0808,
test_0809,
test_0810,
test_0811,
test_0812,
test_0813,
test_0814,
test_0815,
test_0816,
test_0817,
test_0818,
test_0819,
test_0820,
test_0821,
test_0822,
test_0823,
test_0824,
test_0825,
test_0826,
test_0827,
test_0828,
test_0829,
test_0830,
test_0831,
test_0832,
test_0833,
test_0834,
test_0835,
test_0836,
test_0837,
test_0838,
test_0839,
test_0840,
test_0841,
test_0842,
test_0843,
test_0844,
test_0845,
test_0846,
test_0847,
test_0848,
test_0849,
test_0850,
test_0851,
test_0852,
test_0853,
test_0854,
test_0855,
test_0856,
test_0857,
test_0858,
test_0859,
test_0860,
test_0861,
test_0862,
test_0863,
test_0864,
test_0865,
test_0866,
test_0867,
test_0868,
test_0869,
test_0870,
test_0871,
test_0872,
test_0873,
test_0874,
test_0875,
test_0876,
test_0877,
test_0878,
test_0879,
test_0880,
test_0881,
test_0882,
test_0883,
test_0884,
test_0885,
test_0886,
test_0887,
test_0888,
test_0889,
test_0890,
test_0891,
test_0892,
test_0893,
test_0894,
test_0895,
test_0896,
test_0897,
test_0898,
test_0899,
test_0900,
test_0901,
test_0902,
test_0903,
test_0904,
test_0905,
test_0906,
test_0907,
test_0908,
test_0909,
test_0910,
test_0911,
test_0912,
test_0913,
test_0914,
test_0915,
test_0916,
test_0917,
test_0918,
test_0919,
test_0920,
test_0921,
test_0922,
test_0923,
test_0924,
test_0925,
test_0926,
test_0927,
test_0928,
test_0929,
test_0930,
test_0931,
test_0932,
test_0933,
test_0934,
test_0935,
test_0936,
test_0937,
test_0938,
test_0939,
test_0940,
test_0941,
test_0942,
test_0943,
test_0944,
test_0945,
test_0946,
test_0947,
test_0948,
test_0949,
test_0950,
test_0951,
test_0952,
test_0953,
test_0954,
test_0955,
test_0956,
test_0957,
test_0958,
test_0959,
test_0960,
test_0961,
test_0962,
test_0963,
test_0964,
test_0965,
test_0966,
test_0967,
test_0968,
test_0969,
test_0970,
test_0971,
test_0972,
test_0973,
test_0974,
test_0975,
test_0976,
test_0977,
test_0978,
test_0979,
test_0980,
test_0981,
test_0982,
test_0983,
test_0984,
test_0985,
test_0986,
test_0987,
test_0988,
test_0989,
test_0990,
test_0991,
test_0992,
test_0993,
test_0994,
test_0995,
test_0996,
test_0997,
test_0998,
test_0999,
test_1000,
test_1001,
test_1002,
test_1003,
test_1004,
test_1005,
test_1006,
test_1007,
test_1008,
test_1009,
test_1010,
test_1011,
test_1012,
test_1013,
test_1014,
test_1015,
test_1016,
test_1017,
test_1018,
test_1019,
test_1020,
test_1021,
test_1022,
test_1023,
test_1024,
test_1025,
test_1026,
test_1027,
test_1028,
test_1029,
test_1030,
test_1031,
test_1032,
test_1033,
test_1034,
test_1035,
test_1036,
test_1037,
test_1038,
test_1039,
test_1040,
test_1041,
test_1042,
test_1043,
test_1044,
test_1045,
test_1046,
test_1047,
test_1048,
test_1049,
test_1050,
test_1051,
test_1052,
test_1053,
test_1054,
test_1055,
test_1056,
test_1057,
test_1058,
test_1059,
test_1060,
test_1061,
test_1062,
test_1063,
test_1064,
test_1065,
test_1066,
test_1067,
test_1068,
test_1069,
test_1070,
test_1071,
test_1072,
test_1073,
test_1074,
test_1075,
test_1076,
test_1077,
test_1078,
test_1079,
test_1080,
test_1081,
test_1082,
test_1083,
test_1084,
test_1085,
test_1086,
test_1087,
test_1088,
test_1089,
test_1090,
test_1091,
test_1092,
test_1093,
test_1094,
test_1095,
test_1096,
test_1097,
test_1098,
test_1099,
test_1100,
test_1101,
test_1102,
test_1103,
test_1104,
test_1105,
test_1106,
test_1107,
test_1108,
test_1109,
test_1110,
test_1111,
test_1112,
test_1113,
test_1114,
test_1115,
test_1116,
test_1117,
test_1118,
test_1119,
test_1120,
test_1121,
test_1122,
test_1123,
test_1124,
test_1125,
test_1126,
test_1127,
test_1128,
test_1129,
test_1130,
test_1131,
test_1132,
test_1133,
test_1134,
test_1135,
test_1136,
test_1137,
test_1138,
test_1139,
test_1140,
test_1141,
test_1142,
test_1143,
test_1144,
test_1145,
test_1146,
test_1147,
test_1148,
test_1149,
test_1150,
test_1151,
test_1152,
test_1153,
test_1154,
test_1155,
test_1156,
test_1157,
test_1158,
test_1159,
test_1160,
test_1161,
test_1162,
test_1163,
test_1164,
test_1165,
test_1166,
test_1167,
test_1168,
test_1169,
test_1170,
test_1171,
test_1172,
test_1173,
test_1174,
test_1175,
test_1176,
test_1177,
test_1178,
test_1179,
test_1180,
test_1181,
test_1182,
test_1183,
test_1184,
test_1185,
test_1186,
test_1187,
test_1188,
test_1189,
test_1190,
test_1191,
test_1192,
test_1193,
test_1194,
test_1195,
test_1196,
test_1197,
test_1198,
test_1199,
test_1200,
test_1201,
test_1202,
test_1203,
test_1204,
test_1205,
test_1206,
test_1207,
test_1208,
test_1209,
test_1210,
test_1211,
test_1212,
test_1213,
test_1214,
test_1215,
test_1216,
test_1217,
test_1218,
test_1219,
test_1220,
test_1221,
test_1222,
test_1223,
test_1224,
test_1225,
test_1226,
test_1227,
test_1228,
test_1229,
test_1230,
test_1231,
test_1232,
test_1233,
test_1234,
test_1235,
test_1236,
test_1237,
test_1238,
test_1239,
test_1240,
test_1241,
test_1242,
test_1243,
test_1244,
test_1245,
test_1246,
test_1247,
test_1248,
test_1249,
test_1250,
test_1251,
test_1252,
test_1253,
test_1254,
test_1255,
test_1256,
test_1257,
test_1258,
test_1259,
test_1260,
test_1261,
test_1262,
test_1263,
test_1264,
test_1265,
test_1266,
test_1267,
test_1268,
test_1269,
test_1270,
test_1271,
test_1272,
test_1273,
test_1274,
test_1275,
test_1276,
test_1277,
test_1278,
test_1279,
test_1280,
test_1281,
test_1282,
test_1283,
test_1284,
test_1285,
test_1286,
test_1287,
test_1288,
test_1289,
test_1290,
test_1291,
test_1292,
test_1293,
test_1294,
test_1295,
test_1296,
test_1297,
test_1298,
test_1299,
test_1300,
test_1301,
test_1302,
test_1303,
test_1304,
test_1305,
test_1306,
test_1307,
test_1308,
test_1309,
test_1310,
test_1311,
test_1312,
test_1313,
test_1314,
test_1315,
test_1316,
test_1317,
test_1318,
test_1319,
test_1320,
test_1321,
test_1322,
test_1323,
test_1324,
test_1325,
test_1326,
test_1327,
test_1328,
test_1329,
test_1330,
test_1331,
test_1332,
test_1333,
test_1334,
test_1335,
test_1336,
test_1337,
test_1338,
test_1339,
test_1340,
test_1341,
test_1342,
test_1343,
test_1344,
test_1345,
test_1346,
test_1347,
test_1348,
test_1349,
test_1350,
test_1351,
test_1352,
test_1353,
test_1354,
test_1355,
test_1356,
test_1357,
test_1358,
test_1359,
test_1360,
test_1361,
test_1362,
test_1363,
test_1364,
test_1365,
test_1366,
test_1367,
test_1368,
test_1369,
test_1370,
test_1371,
test_1372,
test_1373,
test_1374,
test_1375,
test_1376,
test_1377,
test_1378,
test_1379,
test_1380,
test_1381,
test_1382,
test_1383,
test_1384,
test_1385,
test_1386,
test_1387,
test_1388,
test_1389,
test_1390,
test_1391,
test_1392,
test_1393,
test_1394,
test_1395,
test_1396,
test_1397,
test_1398,
test_1399,
test_1400,
test_1401,
test_1402,
test_1403,
test_1404,
test_1405,
test_1406,
test_1407,
test_1408,
test_1409,
test_1410,
test_1411,
test_1412,
test_1413,
test_1414,
test_1415,
test_1416,
test_1417,
test_1418,
test_1419,
test_1420,
test_1421,
test_1422,
test_1423,
test_1424,
test_1425,
test_1426,
test_1427,
test_1428,
test_1429,
test_1430,
test_1431,
test_1432,
test_1433,
test_1434,
test_1435,
test_1436,
test_1437,
test_1438,
test_1439,
test_1440,
test_1441,
test_1442,
test_1443,
test_1444,
test_1445,
test_1446,
test_1447,
test_1448,
test_1449,
test_1450,
test_1451,
test_1452,
test_1453,
test_1454,
test_1455,
test_1456,
test_1457,
test_1458,
test_1459,
test_1460,
test_1461,
test_1462,
test_1463,
test_1464,
test_1465,
test_1466,
test_1467,
test_1468,
test_1469,
test_1470,
test_1471,
test_1472,
test_1473,
test_1474,
test_1475,
test_1476,
test_1477,
test_1478,
test_1479,
test_1480,
test_1481,
test_1482,
test_1483,
test_1484,
test_1485,
test_1486,
test_1487,
test_1488,
test_1489,
test_1490,
test_1491,
test_1492,
test_1493,
test_1494,
test_1495,
test_1496,
test_1497,
test_1498,
test_1499,
test_1500,
test_1501,
test_1502,
test_1503,
test_1504,
test_1505,
test_1506,
test_1507,
test_1508,
test_1509,
test_1510,
test_1511,
test_1512,
test_1513,
test_1514,
test_1515,
test_1516,
test_1517,
test_1518,
test_1519,
test_1520,
test_1521,
test_1522,
test_1523,
test_1524,
test_1525,
test_1526,
test_1527,
test_1528,
test_1529,
test_1530,
test_1531,
test_1532,
test_1533,
test_1534,
test_1535,
test_1536,
test_1537,
test_1538,
test_1539,
test_1540,
test_1541,
test_1542,
test_1543,
test_1544,
test_1545,
test_1546,
test_1547,
test_1548,
test_1549,
test_1550,
test_1551,
test_1552,
test_1553,
test_1554,
test_1555,
test_1556,
test_1557,
test_1558,
test_1559,
test_1560,
test_1561,
test_1562,
test_1563,
test_1564,
test_1565,
test_1566,
test_1567,
test_1568,
test_1569,
test_1570,
test_1571,
test_1572,
test_1573,
test_1574,
test_1575,
test_1576,
test_1577,
test_1578,
test_1579,
test_1580,
test_1581,
test_1582,
test_1583,
test_1584,
test_1585,
test_1586,
test_1587,
test_1588,
test_1589,
test_1590,
test_1591,
test_1592,
test_1593,
test_1594,
test_1595,
test_1596,
test_1597,
test_1598,
test_1599,
test_1600,
test_1601,
test_1602,
test_1603,
test_1604,
test_1605,
test_1606,
test_1607,
test_1608,
test_1609,
test_1610,
test_1611,
test_1612,
test_1613,
test_1614,
test_1615,
test_1616,
test_1617,
test_1618,
test_1619,
test_1620,
test_1621,
test_1622,
test_1623,
test_1624,
test_1625,
test_1626,
test_1627,
test_1628,
test_1629,
test_1630,
test_1631,
test_1632,
test_1633,
test_1634,
test_1635,
test_1636,
test_1637,
test_1638,
test_1639,
test_1640,
test_1641,
test_1642,
test_1643,
test_1644,
test_1645,
test_1646,
test_1647,
test_1648,
test_1649,
test_1650,
test_1651,
test_1652,
test_1653,
test_1654,
test_1655,
test_1656,
test_1657,
test_1658,
test_1659,
test_1660,
test_1661,
test_1662,
test_1663,
test_1664,
test_1665,
test_1666,
test_1667,
test_1668,
test_1669,
test_1670,
test_1671,
test_1672,
test_1673,
test_1674,
test_1675,
test_1676,
test_1677,
test_1678,
test_1679,
test_1680,
test_1681,
test_1682,
test_1683,
test_1684,
test_1685,
test_1686,
test_1687,
test_1688,
test_1689,
test_1690,
test_1691,
test_1692,
test_1693,
test_1694,
test_1695,
test_1696,
test_1697,
test_1698,
test_1699,
test_1700,
test_1701,
test_1702,
test_1703,
test_1704,
test_1705,
test_1706,
test_1707,
test_1708,
test_1709,
test_1710,
test_1711,
test_1712,
test_1713,
test_1714,
test_1715,
test_1716,
test_1717,
test_1718,
test_1719,
test_1720,
test_1721,
test_1722,
test_1723,
test_1724,
test_1725,
test_1726,
test_1727,
test_1728,
test_1729,
test_1730,
test_1731,
test_1732,
test_1733,
test_1734,
test_1735,
test_1736,
test_1737,
test_1738,
test_1739,
test_1740,
test_1741,
test_1742,
test_1743,
test_1744,
test_1745,
test_1746,
test_1747,
test_1748,
test_1749,
test_1750,
test_1751,
test_1752,
test_1753,
test_1754,
test_1755,
test_1756,
test_1757,
test_1758,
test_1759,
test_1760,
test_1761,
test_1762,
test_1763,
test_1764,
test_1765,
test_1766,
test_1767,
test_1768,
test_1769,
test_1770,
test_1771,
test_1772,
test_1773,
test_1774,
test_1775,
test_1776,
test_1777,
test_1778,
test_1779,
test_1780,
test_1781,
test_1782,
test_1783,
test_1784,
test_1785,
test_1786,
test_1787,
test_1788,
test_1789,
test_1790,
test_1791,
test_1792,
test_1793,
test_1794,
test_1795,
test_1796,
test_1797,
test_1798,
test_1799,
test_1800,
test_1801,
test_1802,
test_1803,
test_1804,
test_1805,
test_1806,
test_1807,
test_1808,
test_1809,
test_1810,
test_1811,
test_1812,
test_1813,
test_1814,
test_1815,
test_1816,
test_1817,
test_1818,
test_1819,
test_1820,
test_1821,
test_1822,
test_1823,
test_1824,
test_1825,
test_1826,
test_1827,
test_1828,
test_1829,
test_1830,
test_1831,
test_1832,
test_1833,
test_1834,
test_1835,
test_1836,
test_1837,
test_1838,
test_1839,
test_1840,
test_1841,
test_1842,
test_1843,
test_1844,
test_1845,
test_1846,
test_1847,
test_1848,
test_1849,
test_1850,
test_1851,
test_1852,
test_1853,
test_1854,
test_1855,
test_1856,
test_1857,
test_1858,
test_1859,
test_1860,
test_1861,
test_1862,
test_1863,
test_1864,
test_1865,
test_1866,
test_1867,
test_1868,
test_1869,
test_1870,
test_1871,
test_1872,
test_1873,
test_1874,
test_1875,
test_1876,
test_1877,
test_1878,
test_1879,
test_1880,
test_1881,
test_1882,
test_1883,
test_1884,
test_1885,
test_1886,
test_1887,
test_1888,
test_1889,
test_1890,
test_1891,
test_1892,
test_1893,
test_1894,
test_1895,
test_1896,
test_1897,
test_1898,
test_1899,
test_1900,
test_1901,
test_1902,
test_1903,
test_1904,
test_1905,
test_1906,
test_1907,
test_1908,
test_1909,
test_1910,
test_1911,
test_1912,
test_1913,
test_1914,
test_1915,
test_1916,
test_1917,
test_1918,
test_1919,
test_1920,
test_1921,
test_1922,
test_1923,
test_1924,
test_1925,
test_1926,
test_1927,
test_1928,
test_1929,
test_1930,
test_1931,
test_1932,
test_1933,
test_1934,
test_1935,
test_1936,
test_1937,
test_1938,
test_1939,
test_1940,
test_1941,
test_1942,
test_1943,
test_1944,
test_1945,
test_1946,
test_1947,
test_1948,
test_1949,
test_1950,
test_1951,
test_1952,
test_1953,
test_1954,
test_1955,
test_1956,
test_1957,
test_1958,
test_1959,
test_1960,
test_1961,
test_1962,
test_1963,
test_1964,
test_1965,
test_1966,
test_1967,
test_1968,
test_1969,
test_1970,
test_1971,
test_1972,
test_1973,
test_1974,
test_1975,
test_1976,
test_1977,
test_1978,
test_1979,
test_1980,
test_1981,
test_1982,
test_1983,
test_1984,
test_1985,
test_1986,
test_1987,
test_1988,
test_1989,
test_1990,
test_1991,
test_1992,
test_1993,
test_1994,
test_1995,
test_1996,
test_1997,
test_1998,
test_1999,
test_2000,
test_2001,
test_2002,
test_2003,
test_2004,
test_2005,
test_2006,
test_2007,
test_2008,
test_2009,
test_2010,
test_2011,
test_2012,
test_2013,
test_2014,
test_2015,
test_2016,
test_2017,
test_2018,
test_2019,
test_2020,
test_2021,
test_2022,
test_2023,
test_2024,
test_2025,
test_2026,
test_2027,
test_2028,
test_2029,
test_2030,
test_2031,
test_2032,
test_2033,
test_2034,
test_2035,
test_2036,
test_2037,
test_2038,
test_2039,
test_2040,
test_2041,
test_2042,
test_2043,
test_2044,
test_2045,
test_2046,
test_2047,
test_2048,
test_2049,
test_2050,
test_2051,
test_2052,
test_2053,
test_2054,
test_2055,
test_2056,
test_2057,
test_2058,
test_2059,
test_2060,
test_2061,
test_2062,
test_2063,
test_2064,
test_2065,
test_2066,
test_2067,
test_2068,
test_2069,
test_2070,
test_2071,
test_2072,
test_2073,
test_2074,
test_2075,
test_2076,
test_2077,
test_2078,
test_2079,
test_2080,
test_2081,
test_2082,
test_2083,
test_2084,
test_2085,
test_2086,
test_2087,
test_2088,
test_2089,
test_2090,
test_2091,
test_2092,
test_2093,
test_2094,
test_2095,
test_2096,
test_2097,
test_2098,
test_2099,
test_2100,
test_2101,
test_2102,
test_2103,
test_2104,
test_2105,
test_2106,
test_2107,
test_2108,
test_2109,
test_2110,
test_2111,
test_2112,
test_2113,
test_2114,
test_2115,
test_2116,
test_2117,
test_2118,
test_2119,
test_2120,
test_2121,
test_2122,
test_2123,
test_2124,
test_2125,
test_2126,
test_2127,
test_2128,
test_2129,
test_2130,
test_2131,
test_2132,
test_2133,
test_2134,
test_2135,
test_2136,
test_2137,
test_2138,
test_2139,
test_2140,
test_2141,
test_2142,
test_2143,
test_2144,
test_2145,
test_2146,
test_2147,
test_2148,
test_2149,
test_2150,
test_2151,
test_2152,
test_2153,
test_2154,
test_2155,
test_2156,
test_2157,
test_2158,
test_2159,
test_2160,
test_2161,
test_2162,
test_2163,
test_2164,
test_2165,
test_2166,
test_2167,
test_2168,
test_2169,
test_2170,
test_2171,
test_2172,
test_2173,
test_2174,
test_2175,
test_2176,
test_2177,
test_2178,
test_2179,
test_2180,
test_2181,
test_2182,
test_2183,
test_2184,
test_2185,
test_2186,
test_2187,
test_2188,
test_2189,
test_2190,
test_2191,
test_2192,
test_2193,
test_2194,
test_2195,
test_2196,
test_2197,
test_2198,
test_2199,
test_2200,
test_2201,
test_2202,
test_2203,
test_2204,
test_2205,
test_2206,
test_2207,
test_2208,
test_2209,
test_2210,
test_2211,
test_2212,
test_2213,
test_2214,
test_2215,
test_2216,
test_2217,
test_2218,
test_2219,
test_2220,
test_2221,
test_2222,
test_2223,
test_2224,
test_2225,
test_2226,
test_2227,
test_2228,
test_2229,
test_2230,
test_2231,
test_2232,
test_2233,
test_2234,
test_2235,
test_2236,
test_2237,
test_2238,
test_2239,
test_2240,
test_2241,
test_2242,
test_2243,
test_2244,
test_2245,
test_2246,
test_2247,
test_2248,
test_2249,
test_2250,
test_2251,
test_2252,
test_2253,
test_2254,
test_2255,
test_2256,
test_2257,
test_2258,
test_2259,
test_2260,
test_2261,
test_2262,
test_2263,
test_2264,
test_2265,
test_2266,
test_2267,
test_2268,
test_2269,
test_2270,
test_2271,
test_2272,
test_2273,
test_2274,
test_2275,
test_2276,
test_2277,
test_2278,
test_2279,
test_2280,
test_2281,
test_2282,
test_2283,
test_2284,
test_2285,
test_2286,
test_2287,
test_2288,
test_2289,
test_2290,
test_2291,
test_2292,
test_2293,
test_2294,
test_2295,
test_2296,
test_2297,
test_2298,
test_2299,
test_2300,
test_2301,
test_2302,
test_2303,
test_2304,
test_2305,
test_2306,
test_2307,
test_2308,
test_2309,
test_2310,
test_2311,
test_2312,
test_2313,
test_2314,
test_2315,
test_2316,
test_2317,
test_2318,
test_2319,
test_2320,
test_2321,
test_2322,
test_2323,
test_2324,
test_2325,
test_2326,
test_2327,
test_2328,
test_2329,
test_2330,
test_2331,
test_2332,
test_2333,
test_2334,
test_2335,
test_2336,
test_2337,
test_2338,
test_2339,
test_2340,
test_2341,
test_2342,
test_2343,
test_2344,
test_2345,
test_2346,
test_2347,
test_2348,
test_2349,
test_2350,
test_2351,
test_2352,
test_2353,
test_2354,
test_2355,
test_2356,
test_2357,
test_2358,
test_2359,
test_2360,
test_2361,
test_2362,
test_2363,
test_2364,
test_2365,
test_2366,
test_2367,
test_2368,
test_2369,
test_2370,
test_2371,
test_2372,
test_2373,
test_2374,
test_2375,
test_2376,
test_2377,
test_2378,
test_2379,
test_2380,
test_2381,
test_2382,
test_2383,
test_2384,
test_2385,
test_2386,
test_2387,
test_2388,
test_2389,
test_2390,
test_2391,
test_2392,
test_2393,
test_2394,
test_2395,
test_2396,
test_2397,
test_2398,
test_2399,
test_2400,
test_2401,
test_2402,
test_2403,
test_2404,
test_2405,
test_2406,
test_2407,
test_2408,
test_2409,
test_2410,
test_2411,
test_2412,
test_2413,
test_2414,
test_2415,
test_2416,
test_2417,
test_2418,
test_2419,
test_2420,
test_2421,
test_2422,
test_2423,
test_2424,
test_2425,
test_2426,
test_2427,
test_2428,
test_2429,
test_2430,
test_2431,
test_2432,
test_2433,
test_2434,
test_2435,
test_2436,
test_2437,
test_2438,
test_2439,
test_2440,
test_2441,
test_2442,
test_2443,
test_2444,
test_2445,
test_2446,
test_2447,
test_2448,
test_2449,
test_2450,
test_2451,
test_2452,
test_2453,
test_2454,
test_2455,
test_2456,
test_2457,
test_2458,
test_2459,
test_2460,
test_2461,
test_2462,
test_2463,
test_2464,
test_2465,
test_2466,
test_2467,
test_2468,
test_2469,
test_2470,
test_2471,
test_2472,
test_2473,
test_2474,
test_2475,
test_2476,
test_2477,
test_2478,
test_2479,
test_2480,
test_2481,
test_2482,
test_2483,
test_2484,
test_2485,
test_2486,
test_2487,
test_2488,
test_2489,
test_2490,
test_2491,
test_2492,
test_2493,
test_2494,
test_2495,
test_2496,
test_2497,
test_2498,
test_2499,
test_2500,
test_2501,
test_2502,
test_2503,
test_2504,
test_2505,
test_2506,
test_2507,
test_2508,
test_2509,
test_2510,
test_2511,
test_2512,
test_2513,
test_2514,
test_2515,
test_2516,
test_2517,
test_2518,
test_2519,
test_2520,
test_2521,
test_2522,
test_2523,
test_2524,
test_2525,
test_2526,
test_2527,
test_2528,
test_2529,
test_2530,
test_2531,
test_2532,
test_2533,
test_2534,
test_2535,
test_2536,
test_2537,
test_2538,
test_2539,
test_2540,
test_2541,
test_2542,
test_2543,
test_2544,
test_2545,
test_2546,
test_2547,
test_2548,
test_2549,
test_2550,
test_2551,
test_2552,
test_2553,
test_2554,
test_2555,
test_2556,
test_2557,
test_2558,
test_2559,
test_2560,
test_2561,
test_2562,
test_2563,
test_2564,
test_2565,
test_2566,
test_2567,
test_2568,
test_2569,
test_2570,
test_2571,
test_2572,
test_2573,
test_2574,
test_2575,
test_2576,
test_2577,
test_2578,
test_2579,
test_2580,
test_2581,
test_2582,
test_2583,
test_2584,
test_2585,
test_2586,
test_2587,
test_2588,
test_2589,
test_2590,
test_2591,
test_2592,
test_2593,
test_2594,
test_2595,
test_2596,
test_2597,
test_2598,
test_2599,
test_2600,
test_2601,
test_2602,
test_2603,
test_2604,
test_2605,
test_2606,
test_2607,
test_2608,
test_2609,
test_2610,
test_2611,
test_2612,
test_2613,
test_2614,
test_2615,
test_2616,
test_2617,
test_2618,
test_2619,
test_2620,
test_2621,
test_2622,
test_2623,
test_2624,
test_2625,
test_2626,
test_2627,
test_2628,
test_2629,
test_2630,
test_2631,
test_2632,
test_2633,
test_2634,
test_2635,
test_2636,
test_2637,
test_2638,
test_2639,
test_2640,
test_2641,
test_2642,
test_2643,
test_2644,
test_2645,
test_2646,
test_2647,
test_2648,
test_2649,
test_2650,
test_2651,
test_2652,
test_2653,
test_2654,
test_2655,
test_2656,
test_2657,
test_2658,
test_2659,
test_2660,
test_2661,
test_2662,
test_2663,
test_2664,
test_2665,
test_2666,
test_2667,
test_2668,
test_2669,
test_2670,
test_2671,
test_2672,
test_2673,
test_2674,
test_2675,
test_2676,
test_2677,
test_2678,
test_2679,
test_2680,
test_2681,
test_2682,
test_2683,
test_2684,
test_2685,
test_2686,
test_2687,
test_2688,
test_2689,
test_2690,
test_2691,
test_2692,
test_2693,
test_2694,
test_2695,
test_2696,
test_2697,
test_2698,
test_2699,
test_2700,
test_2701,
test_2702,
test_2703,
test_2704,
test_2705,
test_2706,
test_2707,
test_2708,
test_2709,
test_2710,
test_2711,
test_2712,
test_2713,
test_2714,
test_2715,
test_2716,
test_2717,
test_2718,
test_2719,
test_2720,
test_2721,
test_2722,
test_2723,
test_2724,
test_2725,
test_2726,
test_2727,
test_2728,
test_2729,
test_2730,
test_2731,
test_2732,
test_2733,
test_2734,
test_2735,
test_2736,
test_2737,
test_2738,
test_2739,
test_2740,
test_2741,
test_2742,
test_2743,
test_2744,
test_2745,
test_2746,
test_2747,
test_2748,
test_2749,
test_2750,
test_2751,
test_2752,
test_2753,
test_2754,
test_2755,
test_2756,
test_2757,
test_2758,
test_2759,
test_2760,
test_2761,
test_2762,
test_2763,
test_2764,
test_2765,
test_2766,
test_2767,
test_2768,
test_2769,
test_2770,
test_2771,
test_2772,
test_2773,
test_2774,
test_2775,
test_2776,
test_2777,
test_2778,
test_2779,
test_2780,
test_2781,
test_2782,
test_2783,
test_2784,
test_2785,
test_2786,
test_2787,
test_2788,
test_2789,
test_2790,
test_2791,
test_2792,
test_2793,
test_2794,
test_2795,
test_2796,
test_2797,
test_2798,
test_2799,
test_2800,
test_2801,
test_2802,
test_2803,
test_2804,
test_2805,
test_2806,
test_2807,
test_2808,
test_2809,
test_2810,
test_2811,
test_2812,
test_2813,
test_2814,
test_2815,
test_2816,
test_2817,
test_2818,
test_2819,
test_2820,
test_2821,
test_2822,
test_2823,
test_2824,
test_2825,
test_2826,
test_2827,
test_2828,
test_2829,
test_2830,
test_2831,
test_2832,
test_2833,
test_2834,
test_2835,
test_2836,
test_2837,
test_2838,
test_2839,
test_2840,
test_2841,
test_2842,
test_2843,
test_2844,
test_2845,
test_2846,
test_2847,
test_2848,
test_2849,
test_2850,
test_2851,
test_2852,
test_2853,
test_2854,
test_2855,
test_2856,
test_2857,
test_2858,
test_2859,
test_2860,
test_2861,
test_2862,
test_2863,
test_2864,
test_2865,
test_2866,
test_2867,
test_2868,
test_2869,
test_2870,
test_2871,
test_2872,
test_2873,
test_2874,
test_2875,
test_2876,
test_2877,
test_2878,
test_2879,
test_2880,
test_2881,
test_2882,
test_2883,
test_2884,
test_2885,
test_2886,
test_2887,
test_2888,
test_2889,
test_2890,
test_2891,
test_2892,
test_2893,
test_2894,
test_2895,
test_2896,
test_2897,
test_2898,
test_2899,
test_2900,
test_2901,
test_2902,
test_2903,
test_2904,
test_2905,
test_2906,
test_2907,
test_2908,
test_2909,
test_2910,
test_2911,
test_2912,
test_2913,
test_2914,
test_2915,
test_2916,
test_2917,
test_2918,
test_2919,
test_2920,
test_2921,
test_2922,
test_2923,
test_2924,
test_2925,
test_2926,
test_2927,
test_2928,
test_2929,
test_2930,
test_2931,
test_2932,
test_2933,
test_2934,
test_2935,
test_2936,
test_2937,
test_2938,
test_2939,
test_2940,
test_2941,
test_2942,
test_2943,
test_2944,
test_2945,
test_2946,
test_2947,
test_2948,
test_2949,
test_2950,
test_2951,
test_2952,
test_2953,
test_2954,
test_2955,
test_2956,
test_2957,
test_2958,
test_2959,
test_2960,
test_2961,
test_2962,
test_2963,
test_2964,
test_2965,
test_2966,
test_2967,
test_2968,
test_2969,
test_2970,
test_2971,
test_2972,
test_2973,
test_2974,
test_2975,
test_2976,
test_2977,
test_2978,
test_2979,
test_2980,
test_2981,
test_2982,
test_2983,
test_2984,
test_2985,
test_2986,
test_2987,
test_2988,
test_2989,
test_2990,
test_2991,
test_2992,
test_2993,
test_2994,
test_2995,
test_2996,
test_2997,
test_2998,
test_2999,
test_3000,
test_3001,
test_3002,
test_3003,
test_3004,
test_3005,
test_3006,
test_3007,
test_3008,
test_3009,
test_3010,
test_3011,
test_3012,
test_3013,
test_3014,
test_3015,
test_3016,
test_3017,
test_3018,
test_3019,
test_3020,
test_3021,
test_3022,
test_3023,
test_3024,
test_3025,
test_3026,
test_3027,
test_3028,
test_3029,
test_3030,
test_3031,
test_3032,
test_3033,
test_3034,
test_3035,
test_3036,
test_3037,
test_3038,
test_3039,
test_3040,
test_3041,
test_3042,
test_3043,
test_3044,
test_3045,
test_3046,
test_3047,
test_3048,
test_3049,
test_3050,
test_3051,
test_3052,
test_3053,
test_3054,
test_3055,
test_3056,
test_3057,
test_3058,
test_3059,
test_3060,
test_3061,
test_3062,
test_3063,
test_3064,
test_3065,
test_3066,
test_3067,
test_3068,
test_3069,
test_3070,
test_3071,
test_3072,
test_3073,
test_3074,
test_3075,
test_3076,
test_3077,
test_3078,
test_3079,
test_3080,
test_3081,
test_3082,
test_3083,
test_3084,
test_3085,
test_3086,
test_3087,
test_3088,
test_3089,
test_3090,
test_3091,
test_3092,
test_3093,
test_3094,
test_3095,
test_3096,
test_3097,
test_3098,
test_3099,
test_3100,
test_3101,
test_3102,
test_3103,
test_3104,
test_3105,
test_3106,
test_3107,
test_3108,
test_3109,
test_3110,
test_3111,
test_3112,
test_3113,
test_3114,
test_3115,
test_3116,
test_3117,
test_3118,
test_3119,
test_3120,
test_3121,
test_3122,
test_3123,
test_3124,
test_3125,
test_3126,
test_3127,
test_3128,
test_3129,
test_3130,
test_3131,
test_3132,
test_3133,
test_3134,
test_3135,
test_3136,
test_3137,
test_3138,
test_3139,
test_3140,
test_3141,
test_3142,
test_3143,
test_3144,
test_3145,
test_3146,
test_3147,
test_3148,
test_3149,
test_3150,
test_3151,
test_3152,
test_3153,
test_3154,
test_3155,
test_3156,
test_3157,
test_3158,
test_3159,
test_3160,
test_3161,
test_3162,
test_3163,
test_3164,
test_3165,
test_3166,
test_3167,
test_3168,
test_3169,
test_3170,
test_3171,
test_3172,
test_3173,
test_3174,
test_3175,
test_3176,
test_3177,
test_3178,
test_3179,
test_3180,
test_3181,
test_3182,
test_3183,
test_3184,
test_3185,
test_3186,
test_3187,
test_3188,
test_3189,
test_3190,
test_3191,
test_3192,
test_3193,
test_3194,
test_3195,
test_3196,
test_3197,
test_3198,
test_3199,
test_3200,
test_3201,
test_3202,
test_3203,
test_3204,
test_3205,
test_3206,
test_3207,
test_3208,
test_3209,
test_3210,
test_3211,
test_3212,
test_3213,
test_3214,
test_3215,
test_3216,
test_3217,
test_3218,
test_3219,
test_3220,
test_3221,
test_3222,
test_3223,
test_3224,
test_3225,
test_3226,
test_3227,
test_3228,
test_3229,
test_3230,
test_3231,
test_3232,
test_3233,
test_3234,
test_3235,
test_3236,
test_3237,
test_3238,
test_3239,
test_3240,
test_3241,
test_3242,
test_3243,
test_3244,
test_3245,
test_3246,
test_3247,
test_3248,
test_3249,
test_3250,
test_3251,
test_3252,
test_3253,
test_3254,
test_3255,
test_3256,
test_3257,
test_3258,
test_3259,
test_3260,
test_3261,
test_3262,
test_3263,
test_3264,
test_3265,
test_3266,
test_3267,
test_3268,
test_3269,
test_3270,
test_3271,
test_3272,
test_3273,
test_3274,
test_3275,
test_3276,
test_3277,
test_3278,
test_3279,
test_3280,
test_3281,
test_3282,
test_3283,
test_3284,
test_3285,
test_3286,
test_3287,
test_3288,
test_3289,
test_3290,
test_3291,
test_3292,
test_3293,
test_3294,
test_3295,
test_3296,
test_3297,
test_3298,
test_3299,
test_3300,
test_3301,
test_3302,
test_3303,
test_3304,
test_3305,
test_3306,
test_3307,
test_3308,
test_3309,
test_3310,
test_3311,
test_3312,
test_3313,
test_3314,
test_3315,
test_3316,
test_3317,
test_3318,
test_3319,
test_3320,
test_3321,
test_3322,
test_3323,
test_3324,
test_3325,
test_3326,
test_3327,
test_3328,
test_3329,
test_3330,
test_3331,
test_3332,
test_3333,
test_3334,
test_3335,
test_3336,
test_3337,
test_3338,
test_3339,
test_3340,
test_3341,
test_3342,
test_3343,
test_3344,
test_3345,
test_3346,
test_3347,
test_3348,
test_3349,
test_3350,
test_3351,
test_3352,
test_3353,
test_3354,
test_3355,
test_3356,
test_3357,
test_3358,
test_3359,
test_3360,
test_3361,
test_3362,
test_3363,
test_3364,
test_3365,
test_3366,
test_3367,
test_3368,
test_3369,
test_3370,
test_3371,
test_3372,
test_3373,
test_3374,
test_3375,
test_3376,
test_3377,
test_3378,
test_3379,
test_3380,
test_3381,
test_3382,
test_3383,
test_3384,
test_3385,
test_3386,
test_3387,
test_3388,
test_3389,
test_3390,
test_3391,
test_3392,
test_3393,
test_3394,
test_3395,
test_3396,
test_3397,
test_3398,
test_3399,
test_3400,
test_3401,
test_3402,
test_3403,
test_3404,
test_3405,
test_3406,
test_3407,
test_3408,
test_3409,
test_3410,
test_3411,
test_3412,
test_3413,
test_3414,
test_3415,
test_3416,
test_3417,
test_3418,
test_3419,
test_3420,
test_3421,
test_3422,
test_3423,
test_3424,
test_3425,
test_3426,
test_3427,
test_3428,
test_3429,
test_3430,
test_3431,
test_3432,
test_3433,
test_3434,
test_3435,
test_3436,
test_3437,
test_3438,
test_3439,
test_3440,
test_3441,
test_3442,
test_3443,
test_3444,
test_3445,
test_3446,
test_3447,
test_3448,
test_3449,
test_3450,
test_3451,
test_3452,
test_3453,
test_3454,
test_3455,
test_3456,
test_3457,
test_3458,
test_3459,
test_3460,
test_3461,
test_3462,
test_3463,
test_3464,
test_3465,
test_3466,
test_3467,
test_3468,
test_3469,
test_3470,
test_3471,
test_3472,
test_3473,
test_3474,
test_3475,
test_3476,
test_3477,
test_3478,
test_3479,
test_3480,
test_3481,
test_3482,
test_3483,
test_3484,
test_3485,
test_3486,
test_3487,
test_3488,
test_3489,
test_3490,
test_3491,
test_3492,
test_3493,
test_3494,
test_3495,
test_3496,
test_3497,
test_3498,
test_3499,
test_3500,
test_3501,
test_3502,
test_3503,
test_3504,
test_3505,
test_3506,
test_3507,
test_3508,
test_3509,
test_3510,
test_3511,
test_3512,
test_3513,
test_3514,
test_3515,
test_3516,
test_3517,
test_3518,
test_3519,
test_3520,
test_3521,
test_3522,
test_3523,
test_3524,
test_3525,
test_3526,
test_3527,
test_3528,
test_3529,
test_3530,
test_3531,
test_3532,
test_3533,
test_3534,
test_3535,
test_3536,
test_3537,
test_3538,
test_3539,
test_3540,
test_3541,
test_3542,
test_3543,
test_3544,
test_3545,
test_3546,
test_3547,
test_3548,
test_3549,
test_3550,
test_3551,
test_3552,
test_3553,
test_3554,
test_3555,
test_3556,
test_3557,
test_3558,
test_3559,
test_3560,
test_3561,
test_3562,
test_3563,
test_3564,
test_3565,
test_3566,
test_3567,
test_3568,
test_3569,
test_3570,
test_3571,
test_3572,
test_3573,
test_3574,
test_3575,
test_3576,
test_3577,
test_3578,
test_3579,
test_3580,
test_3581,
test_3582,
test_3583,
test_3584,
test_3585,
test_3586,
test_3587,
test_3588,
test_3589,
test_3590,
test_3591,
test_3592,
test_3593,
test_3594,
test_3595,
test_3596,
test_3597,
test_3598,
test_3599,
test_3600,
test_3601,
test_3602,
test_3603,
test_3604,
test_3605,
test_3606,
test_3607,
test_3608,
test_3609,
test_3610,
test_3611,
test_3612,
test_3613,
test_3614,
test_3615,
test_3616,
test_3617,
test_3618,
test_3619,
test_3620,
test_3621,
test_3622,
test_3623,
test_3624,
test_3625,
test_3626,
test_3627,
test_3628,
test_3629,
test_3630,
test_3631,
test_3632,
test_3633,
test_3634,
test_3635,
test_3636,
test_3637,
test_3638,
test_3639,
test_3640,
test_3641,
test_3642,
test_3643,
test_3644,
test_3645,
test_3646,
test_3647,
test_3648,
test_3649,
test_3650,
test_3651,
test_3652,
test_3653,
test_3654,
test_3655,
test_3656,
test_3657,
test_3658,
test_3659,
test_3660,
test_3661,
test_3662,
test_3663,
test_3664,
test_3665,
test_3666,
test_3667,
test_3668,
test_3669,
test_3670,
test_3671,
test_3672,
test_3673,
test_3674,
test_3675,
test_3676,
test_3677,
test_3678,
test_3679,
test_3680,
test_3681,
test_3682,
test_3683,
test_3684,
test_3685,
test_3686,
test_3687,
test_3688,
test_3689,
test_3690,
test_3691,
test_3692,
test_3693,
test_3694,
test_3695,
test_3696,
test_3697,
test_3698,
test_3699,
test_3700,
test_3701,
test_3702,
test_3703,
test_3704,
test_3705,
test_3706,
test_3707,
test_3708,
test_3709,
test_3710,
test_3711,
test_3712,
test_3713,
test_3714,
test_3715,
test_3716,
test_3717,
test_3718,
test_3719,
test_3720,
test_3721,
test_3722,
test_3723,
test_3724,
test_3725,
test_3726,
test_3727,
test_3728,
test_3729,
test_3730,
test_3731,
test_3732,
test_3733,
test_3734,
test_3735,
test_3736,
test_3737,
test_3738,
test_3739,
test_3740,
test_3741,
test_3742,
test_3743,
test_3744,
test_3745,
test_3746,
test_3747,
test_3748,
test_3749,
test_3750,
test_3751,
test_3752,
test_3753,
test_3754,
test_3755,
test_3756,
test_3757,
test_3758,
test_3759,
test_3760,
test_3761,
test_3762,
test_3763,
test_3764,
test_3765,
test_3766,
test_3767,
test_3768,
test_3769,
test_3770,
test_3771,
test_3772,
test_3773,
test_3774,
test_3775,
test_3776,
test_3777,
test_3778,
test_3779,
test_3780,
test_3781,
test_3782,
test_3783,
test_3784,
test_3785,
test_3786,
test_3787,
test_3788,
test_3789,
test_3790,
test_3791,
test_3792,
test_3793,
test_3794,
test_3795,
test_3796,
test_3797,
test_3798,
test_3799,
test_3800,
test_3801,
test_3802,
test_3803,
test_3804,
test_3805,
test_3806,
test_3807,
test_3808,
test_3809,
test_3810,
test_3811,
test_3812,
test_3813,
test_3814,
test_3815,
test_3816,
test_3817,
test_3818,
test_3819,
test_3820,
test_3821,
test_3822,
test_3823,
test_3824,
test_3825,
test_3826,
test_3827,
test_3828,
test_3829,
test_3830,
test_3831,
test_3832,
test_3833,
test_3834,
test_3835,
test_3836,
test_3837,
test_3838,
test_3839,
test_3840,
test_3841,
test_3842,
test_3843,
test_3844,
test_3845,
test_3846,
test_3847,
test_3848,
test_3849,
test_3850,
test_3851,
test_3852,
test_3853,
test_3854,
test_3855,
test_3856,
test_3857,
test_3858,
test_3859,
test_3860,
test_3861,
test_3862,
test_3863,
test_3864,
test_3865,
test_3866,
test_3867,
test_3868,
test_3869,
test_3870,
test_3871,
test_3872,
test_3873,
test_3874,
test_3875,
test_3876,
test_3877,
test_3878,
test_3879,
test_3880,
test_3881,
test_3882,
test_3883,
test_3884,
test_3885,
test_3886,
test_3887,
